Source File	Size	loadResources	load	generateSnapshots	load-configure	scan	loadDepInfo	loadInfo	checkR4R4B	generateNarratives	validate	loadLists	checkConformanceResources	checkConformanceResources2	checkConformanceResources3	generateLogicalMaps	validateExpressions	scanForUsageStats	checkURLsUnique	processProvenanceDetails	generate1	generate2	generateLogicals	makeDependencies	generateExampleZip	generateValidationPack	scanProfilesForR5	scanExamplesForR5
/fsh-generated/resources/ImplementationGuide-va.maps.json	120145	-	0	0	0	0	0	0	19	577	0	0	0	0	0	0	0	5	0	0	542	1599	0	0	0	53	0	5
fsh-generated/resources/Bundle-hx.json	278854	49	80	0	2	0	0	0	26	295	0	0	0	0	0	0	0	3	0	178	883	884	0	1	0	0	0	4
fsh-generated/resources/CapabilityStatement-AMPL.json	2952	3	0	0	0	0	1	0	0	19	0	0	0	0	0	0	0	0	0	0	71	67	0	0	0	3	0	0
fsh-generated/resources/CapabilityStatement-CHAPI.json	4146	3	0	0	0	0	0	0	0	11	0	0	0	0	0	0	0	0	0	0	82	19	0	0	0	3	0	0
fsh-generated/resources/CapabilityStatement-DP.json	1799	2	0	0	0	0	0	0	0	8	0	0	0	0	0	0	0	0	0	0	58	14	0	0	0	2	0	0
fsh-generated/resources/CapabilityStatement-LCS.json	3270	3	0	0	1	0	0	0	1	10	0	0	0	0	0	0	0	0	0	0	75	16	0	1	0	2	0	0
fsh-generated/resources/CapabilityStatement-MDT.json	1579	2	0	0	0	0	0	0	0	8	0	0	0	0	0	0	0	0	0	0	51	15	0	0	0	1	0	0
fsh-generated/resources/CapabilityStatement-MHV.json	1909	4	0	0	0	0	0	0	0	7	0	0	0	0	0	0	0	0	0	0	52	16	0	0	0	2	0	0
fsh-generated/resources/CapabilityStatement-PHAPI.json	8612	4	0	0	0	0	0	0	0	19	0	0	0	0	0	0	0	0	0	0	139	23	0	1	0	4	0	0
fsh-generated/resources/ConceptMap-VF-ARBillStatus.json	2652	3	0	0	0	0	0	0	1	17	0	0	0	0	0	0	0	1	0	0	57	608	0	0	0	1	0	0
fsh-generated/resources/ConceptMap-VF-AntibioticSensitivityInterpretation.json	2481	2	0	0	0	0	0	0	0	362	0	0	0	0	0	0	0	0	0	0	39	68	0	0	0	1	0	0
fsh-generated/resources/ConceptMap-VF-AppointmentCancellationReason.json	6497	4	0	0	1	0	0	0	1	17	0	0	0	0	0	0	0	0	0	0	63	55	0	0	0	2	0	0
fsh-generated/resources/ConceptMap-VF-AppointmentStatus.json	2475	3	0	0	0	0	0	0	1	12	0	0	0	0	0	0	0	0	0	0	43	39	0	0	0	0	0	0
fsh-generated/resources/ConceptMap-VF-Boolean.json	978	3	0	0	0	0	0	0	0	339	0	0	0	0	0	0	0	0	0	0	35	33	0	0	0	1	0	0
fsh-generated/resources/ConceptMap-VF-CommunicationQualifier.json	1978	2	0	0	0	0	0	0	0	343	0	0	0	0	0	0	0	0	0	0	41	44	0	0	0	1	0	0
fsh-generated/resources/ConceptMap-VF-CoverageRelationship.json	3194	3	0	0	0	0	0	0	1	13	0	0	0	0	0	0	0	0	0	0	42	45	0	0	0	1	0	0
fsh-generated/resources/ConceptMap-VF-CoverageStatusForce.json	1293	3	0	0	0	0	0	0	0	11	0	0	0	0	0	0	0	0	0	0	35	35	0	0	0	0	0	0
fsh-generated/resources/ConceptMap-VF-DPPLungCancerScreening.json	3744	3	0	0	1	0	0	0	0	28	0	0	0	0	0	0	0	0	0	0	45	39	0	0	0	1	0	0
fsh-generated/resources/ConceptMap-VF-DPPLungCancerScreeningDec.json	1399	2	0	0	0	0	0	0	1	11	0	0	0	0	0	0	0	0	0	0	36	31	0	0	0	1	0	0
fsh-generated/resources/ConceptMap-VF-DPPLungCancerScreeningOE.json	1639	4	0	0	0	0	0	0	0	8	0	0	0	0	0	0	0	0	0	0	35	36	0	0	0	0	0	0
fsh-generated/resources/ConceptMap-VF-DentalDeviceStatus.json	1390	2	0	0	0	0	0	0	0	10	0	0	0	0	0	0	0	0	0	0	36	24	0	0	0	1	0	1
fsh-generated/resources/ConceptMap-VF-DiagnosticReportLabStatus.json	4241	3	0	0	0	0	0	0	1	9	0	0	0	0	0	0	0	0	0	0	45	33	0	0	0	1	0	0
fsh-generated/resources/ConceptMap-VF-DoseUnits.json	1436	3	0	0	1	0	0	0	0	13	0	0	0	0	0	0	0	0	0	0	32	27	0	0	0	0	0	0
fsh-generated/resources/ConceptMap-VF-ExamResultInterpretation.json	1198	3	0	0	0	0	0	0	0	11	0	0	0	0	0	0	0	0	0	0	32	28	0	0	0	1	0	0
fsh-generated/resources/ConceptMap-VF-ExamStatus.json	2179	3	0	0	2	0	0	0	0	13	0	0	0	0	0	0	0	0	0	0	43	40	0	0	0	0	0	0
fsh-generated/resources/ConceptMap-VF-ICDCodingSystems.json	1746	3	0	0	0	0	0	0	0	16	0	0	0	0	0	0	0	0	0	0	36	30	0	0	0	1	0	0
fsh-generated/resources/ConceptMap-VF-ICDVersion.json	1520	3	0	0	0	0	0	0	1	12	0	0	0	0	0	0	0	0	0	0	34	29	0	0	0	0	0	0
fsh-generated/resources/ConceptMap-VF-ImageInterpretation.json	1753	4	0	0	0	0	0	0	0	8	0	0	0	0	0	0	0	0	0	0	36	29	0	0	0	1	0	0
fsh-generated/resources/ConceptMap-VF-ImageStatus.json	2697	4	0	0	0	0	0	0	0	9	0	0	0	0	0	0	0	0	0	0	43	34	0	0	0	1	0	0
fsh-generated/resources/ConceptMap-VF-ImageStatusRadNuc.json	3761	4	0	0	1	0	0	0	1	10	0	0	0	0	0	0	0	0	0	0	50	32	0	0	0	1	0	0
fsh-generated/resources/ConceptMap-VF-ImmunizationReaction.json	4174	3	0	0	0	0	0	0	0	14	0	0	0	0	0	0	0	0	0	0	43	37	0	0	0	0	0	0
fsh-generated/resources/ConceptMap-VF-LabInterpretation.json	1704	3	0	0	0	0	0	0	0	9	0	0	0	0	0	0	0	1	0	0	31	29	0	0	0	1	0	0
fsh-generated/resources/ConceptMap-VF-LabObservationStatus.json	1526	2	0	0	0	0	0	0	0	7	0	0	0	0	0	0	0	0	0	0	39	26	0	0	0	1	0	0
fsh-generated/resources/ConceptMap-VF-LocationStatus.json	1579	3	0	0	0	0	0	0	1	8	0	0	0	0	0	0	0	0	0	0	37	32	0	0	0	0	0	0
fsh-generated/resources/ConceptMap-VF-MaritalStatus.json	2307	3	0	0	0	0	0	0	0	22	0	0	0	0	0	0	0	0	0	0	46	39	0	0	0	1	0	0
fsh-generated/resources/ConceptMap-VF-MicrobiologyUrineScreenResult.json	1709	3	0	0	1	0	0	0	0	13	0	0	0	0	0	0	0	0	0	0	37	25	0	0	0	0	0	0
fsh-generated/resources/ConceptMap-VF-OperatingRoomStatus.json	1194	2	0	0	0	0	0	0	0	13	0	0	0	0	0	0	0	0	0	0	34	31	0	0	0	1	0	0
fsh-generated/resources/ConceptMap-VF-OrderPatientClass.json	1166	3	0	0	0	0	0	0	0	14	0	0	0	0	0	0	0	0	0	0	63	37	0	0	0	0	0	0
fsh-generated/resources/ConceptMap-VF-OrganizationIdentifierType.json	2438	3	0	0	0	0	0	0	1	353	0	0	0	0	0	0	0	0	0	0	36	28	0	0	0	1	0	0
fsh-generated/resources/ConceptMap-VF-OutMedRequestStatus.json	3908	2	0	0	0	0	0	0	0	12	0	0	0	0	0	0	0	0	0	0	63	36	0	0	0	1	0	0
fsh-generated/resources/ConceptMap-VF-PersonIdentifierType.json	1511	3	0	0	1	0	0	0	0	35	0	0	0	0	0	0	0	0	0	0	40	43	0	0	0	1	0	0
fsh-generated/resources/ConceptMap-VF-PharmacyPersonType.json	1532	4	0	0	0	0	0	0	1	8	0	0	0	0	0	0	0	0	0	0	36	35	0	0	0	0	0	0
fsh-generated/resources/ConceptMap-VF-PractitionerCountry.json	21690	5	0	0	0	0	0	0	2	14	0	0	0	0	0	0	0	0	0	0	92	107	0	0	0	4	0	0
fsh-generated/resources/ConceptMap-VF-ProcedureCodeSystem.json	1690	3	0	0	0	0	0	0	0	12	0	0	0	0	0	0	0	0	0	0	40	44	0	0	0	0	0	0
fsh-generated/resources/ConceptMap-VF-RadiologyProcedureStatus.json	2268	3	0	0	0	0	0	0	1	8	0	0	0	0	0	0	0	0	0	0	41	30	0	0	0	1	0	0
fsh-generated/resources/ConceptMap-VF-RefillRequestStatus.json	1293	4	0	0	0	0	0	0	0	9	0	0	0	0	0	0	0	0	0	0	38	25	0	0	0	1	0	0
fsh-generated/resources/ConceptMap-VF-Religion.json	21959	6	0	0	1	0	0	0	3	21	0	0	0	0	0	0	0	1	0	0	101	49	0	0	0	3	0	0
fsh-generated/resources/ConceptMap-VF-SmokingStatus.json	3162	3	0	0	0	0	0	0	0	8	0	0	0	0	0	0	0	0	0	0	44	30	0	1	0	1	0	0
fsh-generated/resources/ConceptMap-VF-SourceOfAdmission.json	13179	4	0	0	0	0	0	0	2	17	0	0	0	0	0	0	0	0	0	0	82	43	0	0	0	2	0	0
fsh-generated/resources/ConceptMap-VF-VitalsBodyPosition.json	3166	3	0	0	0	0	0	0	1	6	0	0	0	0	0	0	0	0	0	0	41	30	0	0	0	2	0	0
fsh-generated/resources/ConceptMap-VF-VitalsBodySite.json	30227	5	0	0	0	0	0	0	3	14	0	0	0	0	0	0	0	0	0	0	154	49	0	0	0	9	0	0
fsh-generated/resources/ConceptMap-VF-VitalsCodes.json	5790	3	0	0	0	0	0	0	1	8	0	0	0	0	0	0	0	0	0	0	53	31	0	0	0	1	0	0
fsh-generated/resources/ConceptMap-VF-VitalsCuffSize.json	2798	3	0	0	0	0	0	0	0	11	0	0	0	0	0	0	0	0	0	0	47	31	0	0	0	1	0	0
fsh-generated/resources/ConceptMap-VF-VitalsLaterality.json	1258	2	0	0	1	0	0	0	0	6	0	0	0	0	0	0	0	0	0	0	58	28	0	0	0	1	0	0
fsh-generated/resources/ConceptMap-VF-VitalsMeasurementDevice.json	4374	3	0	0	0	0	0	0	1	7	0	0	0	0	0	0	0	1	0	0	52	26	0	0	0	1	0	0
fsh-generated/resources/ConceptMap-VF-VitalsMethod.json	5356	3	0	0	0	0	0	0	0	6	0	0	0	0	0	0	0	0	0	0	75	28	0	0	0	1	0	1
fsh-generated/resources/ConceptMap-VF-VitalsPrecondition.json	1470	3	0	0	0	0	0	0	1	5	0	0	0	0	0	0	0	0	0	0	53	22	0	0	0	0	0	0
fsh-generated/resources/ConceptMap-VF-VitalsQualifyingDevice.json	5800	2	0	0	0	0	0	0	1	5	0	0	0	0	0	0	0	0	0	0	56	26	0	0	0	1	0	0
fsh-generated/resources/ConceptMap-VF-VitalsUnits.json	4606	3	0	0	1	0	0	0	0	5	0	0	0	0	0	0	0	0	0	0	64	27	0	0	0	1	0	0
fsh-generated/resources/ConceptMap-VF-YesNo10.json	992	2	0	0	0	0	0	0	0	9	0	0	0	0	0	0	0	0	0	0	37	22	0	0	0	0	0	0
fsh-generated/resources/ConceptMap-VF-adminGender.json	2319	4	0	0	0	0	0	0	1	8	0	0	0	0	0	0	0	0	0	0	58	21	0	0	0	1	0	0
fsh-generated/resources/ConceptMap-VF-allergyActive.json	899	2	0	0	0	0	0	0	0	7	0	0	0	0	0	0	0	0	0	0	36	22	0	0	0	0	0	0
fsh-generated/resources/ConceptMap-VF-allergyEnteredInError.json	973	2	0	0	0	0	0	0	0	8	0	0	0	0	0	0	0	0	0	0	62	19	0	0	0	1	0	0
fsh-generated/resources/ConceptMap-VF-allergyMechanism.json	1138	2	0	0	0	0	0	0	0	8	0	0	0	0	0	0	0	0	0	0	62	24	0	0	0	0	0	0
fsh-generated/resources/ConceptMap-VF-allergySeverity.json	1246	3	0	0	0	0	0	0	0	8	0	0	0	0	0	0	0	0	0	0	65	22	0	0	0	0	0	0
fsh-generated/resources/ConceptMap-VF-allergySubstanceCategory.json	1355	2	0	0	1	0	0	0	0	7	0	0	0	0	0	0	0	0	0	0	36	19	0	0	0	0	0	0
fsh-generated/resources/ConceptMap-VF-allergyVerificationStatus.json	1237	2	0	0	0	0	0	0	1	8	0	0	0	0	0	0	0	0	0	0	33	20	0	0	0	1	0	0
fsh-generated/resources/ConceptMap-VF-birthSex.json	1618	3	0	0	0	0	0	0	0	14	0	0	0	0	0	0	0	0	0	0	45	20	0	0	0	0	0	0
fsh-generated/resources/ConceptMap-VF-deviceTypePacemaker.json	2831	2	0	0	0	0	0	0	0	10	0	0	0	0	0	0	0	0	0	0	57	22	0	0	0	1	0	0
fsh-generated/resources/ConceptMap-VF-documentReferencedocStatus.json	3108	2	0	0	0	0	0	0	0	7	0	0	0	0	0	0	0	0	0	0	49	22	0	0	0	0	0	0
fsh-generated/resources/ConceptMap-VF-encounterClass.json	1112	3	0	0	0	0	0	0	0	201	0	0	0	0	0	0	0	0	0	0	35	23	0	0	0	0	0	0
fsh-generated/resources/ConceptMap-VF-encounterParticipationType.json	1234	2	0	0	1	0	0	0	1	18	0	0	0	0	0	0	0	0	0	0	33	22	0	0	0	1	0	0
fsh-generated/resources/ConceptMap-VF-encounterProblemStatus.json	937	2	0	0	0	0	0	0	0	7	0	0	0	0	0	0	0	0	0	0	33	28	0	0	0	0	0	0
fsh-generated/resources/ConceptMap-VF-encounterProblemVerificationStatus.json	2296	2	0	0	0	0	0	0	0	9	0	0	0	0	0	0	0	0	0	0	39	30	0	0	0	0	0	0
fsh-generated/resources/ConceptMap-VF-ethnicityCategory.json	1925	3	0	0	1	0	0	0	0	28	0	0	0	0	0	0	0	0	0	0	38	30	0	0	0	1	0	0
fsh-generated/resources/ConceptMap-VF-genderIdentity.json	2415	3	0	0	0	0	0	0	0	8	0	0	1	0	0	0	0	0	0	0	40	26	0	0	0	0	0	0
fsh-generated/resources/ConceptMap-VF-immunizationPrimarySource.json	2919	2	0	0	0	0	0	0	0	5	0	0	0	0	0	0	0	0	0	0	92	29	0	0	0	1	0	0
fsh-generated/resources/ConceptMap-VF-immunizationStatusReason.json	10470	3	0	0	0	0	0	0	1	35	0	0	0	0	0	0	0	1	0	0	270	36	0	0	0	1	0	0
fsh-generated/resources/ConceptMap-VF-inferredCVX.json	8209	3	0	0	0	0	0	0	1	11	0	0	0	0	0	0	0	0	0	0	183	34	0	0	0	1	0	0
fsh-generated/resources/ConceptMap-VF-problemStatus.json	1043	2	0	0	0	0	0	0	0	7	0	0	0	0	0	0	0	0	0	0	120	26	0	0	0	0	0	0
fsh-generated/resources/ConceptMap-VF-problemVerificationStatus.json	1462	4	0	0	1	0	0	0	0	8	0	0	0	0	0	1	0	0	0	0	54	25	0	1	0	0	0	0
fsh-generated/resources/ConceptMap-VF-providerGender.json	1027	2	0	0	0	0	0	0	0	7	0	0	0	0	0	0	0	0	0	0	71	26	0	0	0	1	0	0
fsh-generated/resources/ConceptMap-VF-raceCategory.json	2554	3	0	0	0	0	0	0	0	12	0	0	0	0	0	0	0	0	0	0	122	23	0	0	0	1	0	0
fsh-generated/resources/ConceptMap-Vista-NCPDPCoverageRelationship.json	1537	2	0	0	0	0	0	0	1	9	0	0	0	0	0	0	0	0	0	0	90	23	0	0	0	0	0	0
fsh-generated/resources/Parameters-exp-params.json	202	2	0	0	1	0	0	0	0	0	0	0	0	0	0	0	0	0	0	0	58	15	0	0	0	0	0	0
fsh-generated/resources/StructureDefinition-AllergyIntolerance.json	18443	4	0	296	0	0	0	0	0	162	0	0	1	0	0	0	0	2	0	0	555	1355	0	0	0	26	0	1
fsh-generated/resources/StructureDefinition-Appointment.json	22231	5	0	152	0	0	0	0	0	90	0	0	2	0	0	0	0	3	0	0	629	839	0	0	0	31	1	1
fsh-generated/resources/StructureDefinition-ConditionEncounterDiagnosis.json	11526	3	0	68	0	0	0	0	0	37	0	0	0	0	0	0	0	1	0	0	383	604	0	0	0	21	0	1
fsh-generated/resources/StructureDefinition-ConditionProblem.json	12425	3	0	66	0	0	0	0	0	51	0	0	1	0	0	0	0	2	0	0	483	857	0	0	0	29	0	0
fsh-generated/resources/StructureDefinition-DebtPortalAccount.json	5105	3	0	55	0	0	0	0	0	22	0	0	1	0	0	0	0	0	0	0	248	349	0	0	0	14	0	1
fsh-generated/resources/StructureDefinition-DebtPortalChargeItemcharges.json	11237	3	0	575	0	0	0	0	0	33	0	0	0	0	0	0	0	2	0	0	305	410	0	0	0	15	0	0
fsh-generated/resources/StructureDefinition-DebtPortalChargeIteminterest.json	6092	2	0	59	1	0	0	0	0	28	0	0	1	0	0	0	0	1	0	0	327	466	0	0	0	13	1	1
fsh-generated/resources/StructureDefinition-DebtPortalChargeItemremoved.json	3060	3	0	48	0	0	0	0	0	14	0	0	0	0	0	0	0	1	0	0	193	240	0	0	0	8	0	0
fsh-generated/resources/StructureDefinition-DebtPortalInvoice.json	42669	7	0	234	0	0	0	0	0	270	0	0	3	0	0	0	0	6	0	0	1474	1523	0	0	0	47	0	2
fsh-generated/resources/StructureDefinition-DebtPortalPatient.json	7527	3	0	37	0	0	0	0	0	29	0	0	1	0	0	0	0	1	0	0	346	510	0	0	0	9	0	1
fsh-generated/resources/StructureDefinition-DebtPortalPaymentReconciliation.json	15906	4	0	160	0	0	0	0	0	53	0	0	2	0	0	0	0	3	0	0	728	1045	0	0	0	24	1	1
fsh-generated/resources/StructureDefinition-DecisionPrecisionPlusObservation.json	2651	3	0	58	0	0	0	0	0	17	0	0	0	0	0	0	0	1	0	0	247	1800	0	0	0	7	0	0
fsh-generated/resources/StructureDefinition-DecisionPrecisionPlusObservationsmoking.json	6503	2	0	60	0	0	0	0	0	25	0	0	1	0	0	0	0	1	0	0	337	1470	0	0	0	11	0	1
fsh-generated/resources/StructureDefinition-DecisionPrecisionPlusObservationsocial.json	9991	3	0	50	0	0	0	0	1	50	0	0	0	0	0	0	0	2	0	0	375	934	0	0	0	15	1	0
fsh-generated/resources/StructureDefinition-DecisionPrecisionPlusabstract.json	4408	3	0	40	1	0	0	0	0	39	0	0	1	0	0	0	0	1	0	0	291	335	0	0	0	11	0	1
fsh-generated/resources/StructureDefinition-DiagnosticReportNoteCytopathologyDiagnosticReport.json	16019	3	0	70	0	0	0	0	0	51	0	0	1	0	0	0	0	1	0	0	467	576	0	1	0	13	0	0
fsh-generated/resources/StructureDefinition-DiagnosticReportNoteCytopathologySpecimen.json	1809	2	0	12	0	0	0	0	0	27	0	0	0	0	0	0	0	1	0	0	208	264	0	0	0	8	0	0
fsh-generated/resources/StructureDefinition-DiagnosticReportNoteElectronMicroscopyDiagnosticReport.json	15443	4	0	63	0	0	0	0	0	58	0	0	1	0	0	0	0	1	0	0	439	503	0	0	0	15	1	1
fsh-generated/resources/StructureDefinition-DiagnosticReportNoteElectronMicroscopySpecimen.json	2029	2	0	11	0	0	0	0	0	23	0	0	0	0	0	0	0	1	0	0	218	242	0	0	0	7	0	0
fsh-generated/resources/StructureDefinition-DiagnosticReportNoteSurgicalPathologyDiagnosticReport.json	15558	3	0	63	0	0	0	0	0	41	0	0	1	0	0	0	0	2	0	0	441	545	0	0	0	11	0	1
fsh-generated/resources/StructureDefinition-DiagnosticReportNoteSurgicalPathologySpecimen.json	1855	2	0	14	0	0	0	0	0	17	0	0	0	0	0	0	0	0	0	0	214	288	0	0	0	5	0	1
fsh-generated/resources/StructureDefinition-DocumentReferenceBinary.json	1611	3	0	8	0	0	0	0	0	8	0	0	1	0	0	0	0	1	0	0	99	123	0	0	0	2	0	0
fsh-generated/resources/StructureDefinition-DocumentReferenceDocumentReference.json	23488	4	0	50	0	0	0	0	0	48	0	0	0	0	0	0	0	1	0	0	560	567	0	0	0	13	1	0
fsh-generated/resources/StructureDefinition-EncounterInpatientCondition.json	5877	3	0	13	1	0	0	0	0	29	0	0	1	0	0	0	0	1	0	0	274	295	0	0	0	9	0	1
fsh-generated/resources/StructureDefinition-EncounterInpatientEncounter.json	28086	5	0	40	0	0	0	0	0	101	0	0	2	0	0	0	0	4	0	0	1056	1379	0	0	0	29	1	2
fsh-generated/resources/StructureDefinition-EncounterOutpatient.json	22476	4	0	29	0	0	0	0	0	77	0	0	1	0	0	0	0	2	0	0	686	677	0	0	0	19	0	1
fsh-generated/resources/StructureDefinition-ImmunizationImmunization.json	26186	5	0	90	0	0	0	0	1	114	0	0	1	0	0	0	0	1	0	0	566	679	0	0	0	15	1	0
fsh-generated/resources/StructureDefinition-ImmunizationObservation.json	4909	3	0	16	0	0	0	0	0	38	0	0	1	0	0	0	0	1	0	0	330	486	0	0	0	10	0	1
fsh-generated/resources/StructureDefinition-ImplantableDevice.json	2653	3	0	38	0	0	0	0	0	31	0	0	0	0	0	0	0	1	0	0	260	510	0	0	0	6	1	0
fsh-generated/resources/StructureDefinition-ImplantableDeviceALead.json	6472	3	0	46	0	0	0	0	0	40	0	0	1	0	0	0	0	1	0	0	400	395	0	0	0	9	0	1
fsh-generated/resources/StructureDefinition-ImplantableDeviceDental.json	8744	3	0	52	0	0	0	0	0	46	0	0	0	0	0	0	0	1	0	0	466	392	0	0	0	9	0	1
fsh-generated/resources/StructureDefinition-ImplantableDevicePacemaker.json	6623	3	0	39	1	0	0	1	0	32	0	0	1	0	0	0	0	1	0	0	348	330	0	0	0	11	1	0
fsh-generated/resources/StructureDefinition-ImplantableDeviceProsthesis.json	9890	3	0	39	0	0	0	0	0	23	0	0	0	0	0	0	0	1	0	0	359	343	0	0	0	8	0	1
fsh-generated/resources/StructureDefinition-ImplantableDeviceTransmitter.json	7378	3	0	42	0	0	0	0	0	25	0	0	1	0	0	0	0	1	0	0	346	409	0	0	0	10	1	1
fsh-generated/resources/StructureDefinition-ImplantableDeviceVLead.json	6472	3	0	39	0	0	0	0	0	21	0	0	1	0	0	0	0	1	0	0	354	320	0	1	0	10	0	0
fsh-generated/resources/StructureDefinition-LabObservationChemhemtoxriaserDiagnosticReport.json	8782	3	0	94	0	0	0	0	0	19	0	0	0	0	0	0	0	1	0	0	339	311	0	0	0	9	0	1
fsh-generated/resources/StructureDefinition-LabObservationChemhemtoxriaserObservation.json	15291	4	0	21	0	0	0	0	0	28	0	0	0	0	0	0	0	1	0	0	524	666	0	0	0	15	1	0
fsh-generated/resources/StructureDefinition-LabObservationChemhemtoxriaserSpecimen.json	2014	5	0	11	0	0	0	0	0	12	0	0	1	0	0	0	0	0	0	0	241	269	0	0	0	5	0	1
fsh-generated/resources/StructureDefinition-LabObservationDiagnosticReport.json	6065	4	0	71	1	0	0	0	0	19	0	0	0	0	0	0	0	1	0	0	349	384	0	0	0	7	0	0
fsh-generated/resources/StructureDefinition-LabObservationMicrobiologyBacteriologyDiagnosticReport.json	14765	5	0	114	0	0	0	0	0	24	0	0	1	0	0	0	0	1	0	0	409	471	0	0	0	10	1	1
fsh-generated/resources/StructureDefinition-LabObservationMicrobiologyBacteriologyObservation.json	17400	6	0	21	0	0	0	0	0	33	0	0	0	0	0	0	0	1	0	0	577	608	0	0	0	15	0	1
fsh-generated/resources/StructureDefinition-LabObservationMicrobiologyBacteriologyObservationbacteria.json	5384	4	0	40	0	0	0	0	0	17	0	0	0	0	0	0	0	1	0	0	336	325	0	0	0	8	0	0
fsh-generated/resources/StructureDefinition-LabObservationMicrobiologyBacteriologyObservationgramstain.json	4980	3	0	139	0	0	0	0	0	18	0	0	0	0	0	0	0	1	0	0	332	433	0	0	0	9	0	1
fsh-generated/resources/StructureDefinition-LabObservationMicrobiologyBacteriologyObservationsputum.json	4634	3	0	43	0	0	0	0	0	17	0	0	1	0	0	0	0	0	0	0	320	341	0	0	0	8	0	0
fsh-generated/resources/StructureDefinition-LabObservationMicrobiologyBacteriologyObservationurine.json	5093	3	0	44	0	0	0	0	0	18	0	0	0	0	0	0	0	1	0	0	351	350	0	0	0	8	0	1
fsh-generated/resources/StructureDefinition-LabObservationMicrobiologyBacteriologySpecimen.json	2114	2	0	15	0	0	0	0	0	13	0	0	0	0	0	0	0	1	0	0	232	230	0	0	0	5	0	0
fsh-generated/resources/StructureDefinition-LabObservationMicrobiologyDiagnosticReport.json	13249	3	0	95	1	0	0	0	1	23	0	0	0	0	0	0	0	1	0	0	390	426	0	0	0	10	0	1
fsh-generated/resources/StructureDefinition-LabObservationMicrobiologyMycobacteriologyDiagnosticReport.json	14791	4	0	107	0	0	0	0	0	23	0	0	0	0	0	0	0	1	0	0	431	475	0	0	0	10	0	0
fsh-generated/resources/StructureDefinition-LabObservationMicrobiologyMycobacteriologyObservation.json	13681	3	0	18	0	0	0	0	0	23	0	0	1	0	0	0	0	1	0	0	441	511	0	0	0	12	0	1
fsh-generated/resources/StructureDefinition-LabObservationMicrobiologyMycobacteriologyObservationacidfast.json	4968	3	0	49	0	0	0	0	0	18	0	0	0	0	0	0	0	1	0	0	380	356	0	0	0	13	0	1
fsh-generated/resources/StructureDefinition-LabObservationMicrobiologyMycobacteriologyObservationmycobact.json	5202	2	0	41	0	0	0	0	0	18	0	0	0	0	0	0	0	0	0	0	329	401	0	0	0	11	0	0
fsh-generated/resources/StructureDefinition-LabObservationMicrobiologyMycobacteriologySpecimen.json	2130	3	0	13	0	0	0	0	0	12	0	0	0	0	0	0	0	1	0	0	259	270	0	0	0	6	0	1
fsh-generated/resources/StructureDefinition-LabObservationMicrobiologyMycologyDiagnosticReport.json	14745	4	0	105	0	0	0	0	0	25	0	0	0	0	0	0	0	1	0	0	436	450	0	0	0	11	0	0
fsh-generated/resources/StructureDefinition-LabObservationMicrobiologyMycologyObservation.json	13607	3	0	19	1	0	0	0	0	25	0	0	1	0	0	0	0	1	0	0	496	530	0	1	0	12	0	1
fsh-generated/resources/StructureDefinition-LabObservationMicrobiologyMycologyObservationfungus.json	5131	3	0	40	0	0	0	0	0	19	0	0	0	0	0	0	0	1	0	0	323	431	0	0	0	8	1	1
fsh-generated/resources/StructureDefinition-LabObservationMicrobiologyMycologySpecimen.json	2098	2	0	12	0	0	0	0	0	26	0	0	0	0	0	0	0	0	0	0	213	279	0	0	0	4	0	0
fsh-generated/resources/StructureDefinition-LabObservationMicrobiologyObservation.json	12724	4	0	20	0	0	0	0	0	55	0	0	0	0	0	0	0	1	0	0	434	572	0	0	0	11	0	1
fsh-generated/resources/StructureDefinition-LabObservationMicrobiologyParasitologyDiagnosticReport.json	14777	4	0	107	0	0	0	0	0	46	0	0	1	0	0	0	0	1	0	0	407	467	0	0	0	12	0	0
fsh-generated/resources/StructureDefinition-LabObservationMicrobiologyParasitologyObservation.json	15622	3	0	18	0	0	0	0	0	39	0	0	0	0	0	0	0	1	0	0	487	503	0	0	0	15	0	1
fsh-generated/resources/StructureDefinition-LabObservationMicrobiologyParasitologySpecimen.json	2114	2	0	12	1	0	0	0	0	15	0	0	0	0	0	0	0	1	0	0	216	238	0	0	0	4	0	0
fsh-generated/resources/StructureDefinition-LabObservationMicrobiologySpecimen.json	2064	2	0	12	0	0	0	0	0	21	0	0	0	0	0	0	0	0	0	0	217	241	0	0	0	5	0	1
fsh-generated/resources/StructureDefinition-LabObservationMicrobiologyVirologyDiagnosticReport.json	14745	4	0	102	0	0	0	0	1	33	0	0	1	0	0	0	0	1	0	0	490	429	0	0	0	10	0	0
fsh-generated/resources/StructureDefinition-LabObservationMicrobiologyVirologyObservation.json	13610	3	0	20	0	0	0	0	0	43	0	0	0	0	0	0	0	1	0	0	475	489	0	0	0	11	0	1
fsh-generated/resources/StructureDefinition-LabObservationMicrobiologyVirologyObservationvirus.json	5103	3	0	40	0	0	1	0	0	27	0	0	0	0	0	0	0	1	0	0	323	337	0	0	0	9	0	1
fsh-generated/resources/StructureDefinition-LabObservationMicrobiologyVirologySpecimen.json	2098	2	0	12	0	0	0	0	0	22	0	0	0	0	0	0	0	0	0	0	220	242	0	0	0	5	0	0
fsh-generated/resources/StructureDefinition-LabObservationObservation.json	2909	2	0	14	0	0	0	0	0	22	0	0	0	0	0	0	0	1	0	0	295	316	0	0	0	8	0	0
fsh-generated/resources/StructureDefinition-Location.json	13117	3	0	21	0	0	0	0	0	36	0	0	1	0	0	0	0	1	0	0	595	599	0	0	0	14	0	1
fsh-generated/resources/StructureDefinition-LungCancerScreening.json	6686	3	0	26	1	0	0	0	0	16	0	0	0	0	0	0	0	1	0	0	233	254	0	0	0	6	0	1
fsh-generated/resources/StructureDefinition-LungCancerScreeningCRNA.json	2400	3	0	29	0	0	0	0	0	13	0	0	0	0	0	0	0	1	0	0	262	393	0	0	0	6	0	0
fsh-generated/resources/StructureDefinition-LungCancerScreeningDRNA.json	2205	3	0	34	0	0	0	0	0	15	0	0	0	0	0	0	0	0	0	0	220	261	0	0	0	5	0	0
fsh-generated/resources/StructureDefinition-MedRefillRequestMHVProvenancecreate.json	2826	2	0	77	0	0	0	0	0	15	0	0	0	0	0	0	0	1	0	0	240	238	0	0	0	7	0	1
fsh-generated/resources/StructureDefinition-MedRefillRequestMHVProvenancereview.json	3193	3	0	31	0	0	0	0	0	14	0	0	0	0	0	0	0	0	0	0	223	261	0	0	0	6	0	0
fsh-generated/resources/StructureDefinition-MedRefillRequestMHVTask.json	5104	2	0	23	0	0	0	0	0	16	0	0	0	0	0	0	0	1	0	0	273	504	0	0	0	7	1	0
fsh-generated/resources/StructureDefinition-MedicationDispenseOriginal.json	15878	4	0	26	0	0	0	0	0	157	0	0	0	0	0	0	0	1	0	0	584	666	0	1	0	15	0	1
fsh-generated/resources/StructureDefinition-MedicationDispensePartial.json	17362	4	0	22	1	0	0	0	0	37	0	0	1	0	0	0	0	1	0	0	597	526	0	0	0	18	0	1
fsh-generated/resources/StructureDefinition-MedicationDispenseRefill.json	18209	4	0	24	0	0	0	0	0	35	0	0	0	0	0	0	0	2	0	0	591	545	0	0	0	19	0	1
fsh-generated/resources/StructureDefinition-MedicationRequestNonVA.json	21621	4	0	106	0	0	0	0	0	57	0	0	0	0	0	0	0	2	0	0	859	900	0	0	0	27	0	2
fsh-generated/resources/StructureDefinition-MedicationRequestOutpatient.json	29525	5	0	33	0	0	0	0	1	65	0	0	1	0	0	0	0	2	0	0	904	797	0	0	0	32	0	2
fsh-generated/resources/StructureDefinition-MedicationRequestPending.json	17192	3	0	85	0	0	0	0	0	43	0	0	0	0	0	0	0	1	0	0	675	626	0	0	0	34	0	1
fsh-generated/resources/StructureDefinition-MedicationRequestUnsigned.json	14845	4	0	78	0	0	0	0	0	35	0	0	0	0	0	0	0	2	0	0	584	568	0	0	0	22	1	1
fsh-generated/resources/StructureDefinition-ObservationEXAM.json	13387	3	0	60	0	0	0	0	0	33	0	0	1	0	0	0	0	1	0	0	485	701	0	1	0	18	0	0
fsh-generated/resources/StructureDefinition-ObservationImagingResult.json	1424	2	0	59	1	0	0	0	0	20	0	0	0	0	0	0	0	1	0	0	279	471	0	0	0	10	0	1
fsh-generated/resources/StructureDefinition-ObservationImagingResultEKG.json	8000	3	0	50	0	0	0	0	0	25	0	0	0	0	0	0	0	1	0	0	360	604	0	0	0	14	0	0
fsh-generated/resources/StructureDefinition-ObservationImagingResultEcho.json	7199	3	0	46	0	0	0	0	0	24	0	0	0	0	0	0	0	1	0	0	361	569	0	0	0	14	0	1
fsh-generated/resources/StructureDefinition-ObservationImagingResultRadNuc.json	8020	3	0	179	0	0	0	0	0	24	0	0	0	0	0	0	0	1	0	0	376	454	0	0	0	15	0	0
fsh-generated/resources/StructureDefinition-Organization.json	12170	3	0	25	0	0	0	0	0	32	0	0	1	0	0	0	0	1	0	0	481	572	0	0	0	20	0	1
fsh-generated/resources/StructureDefinition-Patient.json	24258	5	0	36	0	0	0	0	0	72	0	0	0	0	0	0	0	3	0	0	998	1152	0	0	0	35	0	2
fsh-generated/resources/StructureDefinition-Practitioner.json	16995	3	0	22	0	0	0	0	0	44	0	0	1	0	0	0	0	2	0	0	656	652	0	0	0	23	1	1
fsh-generated/resources/StructureDefinition-PractitionerRole.json	21108	5	0	72	1	0	0	0	1	46	0	0	0	0	0	0	0	1	0	0	693	736	0	0	0	22	0	1
fsh-generated/resources/StructureDefinition-ProcedureOutpatient.json	16952	4	0	44	0	0	0	0	0	27	0	0	1	0	0	0	0	2	0	0	430	422	0	0	0	16	0	1
fsh-generated/resources/StructureDefinition-ProcedureRadiology.json	9358	2	0	51	0	0	0	0	0	24	0	0	0	0	0	0	0	1	0	0	368	357	0	0	0	12	0	0
fsh-generated/resources/StructureDefinition-ProcedureSurgeryLocationOR.json	3802	3	0	14	0	0	0	0	0	21	0	0	0	0	0	0	0	0	0	0	255	410	0	0	0	9	0	1
fsh-generated/resources/StructureDefinition-ProcedureSurgeryProcedure.json	43878	5	0	50	0	0	0	0	0	94	0	0	1	0	0	0	0	4	0	0	1496	1701	0	1	0	46	0	2
fsh-generated/resources/StructureDefinition-SmokingStatusObservation.json	11343	5	0	51	0	0	0	0	0	26	0	0	0	0	0	0	0	1	0	0	388	571	0	0	0	15	0	1
fsh-generated/resources/StructureDefinition-VAERSAdverseEvent.json	11236	3	0	134	1	0	0	0	0	24	0	0	0	0	0	0	0	0	0	0	326	323	0	0	0	11	0	0
fsh-generated/resources/StructureDefinition-VAERSBundle.json	7402	3	0	363	0	0	0	0	0	62	0	0	1	0	0	0	0	3	0	0	1214	1239	0	0	0	45	0	2
fsh-generated/resources/StructureDefinition-VAERSImmunizationpvac1.json	5692	3	0	122	0	0	0	0	0	23	0	0	0	0	0	0	0	0	0	0	354	338	0	0	0	13	1	1
fsh-generated/resources/StructureDefinition-VAERSImmunizationpvac2.json	5540	4	0	16	0	0	0	0	1	23	0	0	0	0	0	0	0	1	0	0	452	324	0	0	0	12	0	0
fsh-generated/resources/StructureDefinition-VAERSImmunizationpvac3.json	5501	3	0	15	0	0	0	0	0	22	0	0	0	0	0	0	0	0	0	0	444	325	0	0	0	12	0	1
fsh-generated/resources/StructureDefinition-VAERSImmunizationpvac4.json	5501	3	0	16	1	0	0	0	0	22	0	0	1	0	0	0	0	0	0	0	415	319	0	0	0	12	0	1
fsh-generated/resources/StructureDefinition-VAERSImmunizationvac1.json	5620	3	0	16	0	0	0	0	0	24	0	0	0	0	0	0	0	1	0	0	388	346	0	0	0	12	3	0
fsh-generated/resources/StructureDefinition-VAERSImmunizationvac2.json	5430	3	0	16	1	0	0	0	0	25	0	0	0	0	0	0	0	0	0	0	317	296	0	0	0	9	0	1
fsh-generated/resources/StructureDefinition-VAERSImmunizationvac3.json	5430	3	0	15	0	0	0	0	0	21	0	0	0	0	0	0	0	1	0	0	324	309	0	0	0	9	0	0
fsh-generated/resources/StructureDefinition-VAERSImmunizationvac4.json	5430	3	0	16	0	0	0	0	0	21	0	0	0	0	0	0	0	0	0	0	352	291	0	0	0	11	0	1
fsh-generated/resources/StructureDefinition-VAERSPatient.json	18898	4	0	27	0	0	0	0	0	40	0	0	1	0	0	0	0	1	0	0	641	777	0	0	0	18	1	1
fsh-generated/resources/StructureDefinition-VAERSabstract.json	2100	2	0	34	1	0	0	0	0	19	0	0	0	0	0	0	0	0	0	0	282	463	0	0	0	5	0	1
fsh-generated/resources/StructureDefinition-VitalSigns.json	18887	4	0	81	0	0	0	0	0	48	0	0	0	0	0	0	0	1	0	0	675	1113	0	1	0	20	0	0
fsh-generated/resources/StructureDefinition-VitalSignsBP.json	27174	5	0	113	0	0	0	0	0	197	0	0	1	0	0	0	0	1	0	0	956	1219	0	0	0	25	0	1
fsh-generated/resources/StructureDefinition-VitalSignsSpO2.json	24950	4	0	111	0	0	0	0	0	58	0	0	0	0	0	0	0	1	0	0	891	1169	0	0	0	20	0	1
fsh-generated/resources/StructureDefinition-account-statementGeneratedDay.json	1216	2	0	6	0	0	0	0	0	8	0	0	0	0	0	1	0	0	0	0	75	95	0	0	0	1	0	0
fsh-generated/resources/StructureDefinition-medicationrequest-cancelDate.json	1221	2	0	6	0	0	0	0	0	8	0	0	0	0	0	0	0	0	0	0	72	89	0	0	0	2	0	0
fsh-generated/resources/StructureDefinition-medicationrequest-includeIndicationInSig.json	1292	2	0	5	1	0	0	0	0	8	0	0	0	0	0	0	0	0	0	0	83	84	0	0	0	1	0	0
fsh-generated/resources/StructureDefinition-medicationrequest-pharmacyOrderStatus.json	1273	2	0	6	0	0	0	0	0	9	0	0	0	0	0	0	0	0	0	0	68	91	0	0	0	1	0	0
fsh-generated/resources/StructureDefinition-medicationrequest-recordedLocation.json	1258	3	0	5	0	0	0	0	0	8	0	0	0	0	0	0	0	0	0	0	72	91	0	0	0	1	0	0
fsh-generated/resources/StructureDefinition-medicationrequest-remainingRefillCount.json	1280	2	0	7	0	0	0	0	0	7	0	0	0	0	0	0	0	0	0	0	73	113	0	0	0	1	0	1
fsh-generated/resources/StructureDefinition-organization-allowMultipleBedsections.json	1321	3	0	6	0	0	0	0	0	8	0	0	0	0	0	0	0	0	0	0	99	93	0	0	0	1	0	0
fsh-generated/resources/StructureDefinition-organization-anotherCompanyProcessesInpatClaims.json	1381	2	0	6	0	0	0	0	0	8	0	0	0	0	0	0	0	0	0	0	92	100	0	0	0	1	0	0
fsh-generated/resources/StructureDefinition-organization-oneOutpatVisitOnBillOnly.json	1321	3	0	6	0	0	0	0	0	7	0	0	0	0	0	0	0	0	0	0	71	86	0	0	0	1	0	0
fsh-generated/resources/StructureDefinition-patient-ageAtVaccination.json	1232	2	0	6	0	0	0	0	0	7	0	0	0	0	0	0	0	0	0	0	90	89	0	0	0	2	0	0
fsh-generated/resources/StructureDefinition-resource-serviceConnection.json	1344	2	0	5	1	0	0	0	1	7	0	0	0	0	0	0	0	1	0	0	90	91	0	0	0	1	0	0
fsh-generated/resources/ValueSet-ARBillStatus-vista.json	1282	2	0	0	3	0	0	0	0	56	0	0	0	0	0	0	0	0	0	0	64	17107	0	0	0	1	0	0
fsh-generated/resources/ValueSet-ARBillStatus.json	829	3	0	0	3	0	0	0	0	7	0	0	0	0	0	0	0	0	0	0	61	210	0	0	0	1	0	0
fsh-generated/resources/ValueSet-AntibioticSensitivityInterpretation-vista.json	1200	2	0	0	3	0	0	0	0	5	0	0	0	0	0	0	0	0	0	0	52	618	0	0	0	0	0	0
fsh-generated/resources/ValueSet-AntibioticSensitivityInterpretation.json	1103	2	0	0	3	0	0	0	0	8	0	0	0	0	0	0	0	0	0	0	78	208	0	0	0	1	0	0
fsh-generated/resources/ValueSet-AppointmentCancellationReason-vista.json	2973	2	0	0	3	0	0	0	1	7	0	0	0	0	0	0	0	0	0	0	54	599	0	0	0	0	0	0
fsh-generated/resources/ValueSet-AppointmentCancellationReason.json	1282	2	0	0	3	0	0	0	0	6	0	0	0	0	0	0	0	0	0	0	43	187	0	0	0	1	0	0
fsh-generated/resources/ValueSet-AppointmentStatus-vista.json	1231	2	0	0	3	0	0	0	0	5	0	0	0	0	0	0	0	0	0	0	40	579	0	0	0	0	0	0
fsh-generated/resources/ValueSet-AppointmentStatus.json	783	2	0	0	3	0	0	0	0	6	0	0	0	0	0	0	0	0	0	0	42	181	0	0	0	0	0	0
fsh-generated/resources/ValueSet-Boolean-vista.json	639	1	0	0	3	0	0	0	0	5	0	0	0	0	0	0	0	0	0	0	35	583	0	0	0	0	0	0
fsh-generated/resources/ValueSet-Boolean.json	561	2	0	0	4	0	0	0	0	5	0	0	0	0	0	0	0	0	0	0	34	579	0	0	0	1	0	0
fsh-generated/resources/ValueSet-CommunicationQualifier-vista.json	1121	2	0	0	4	0	0	0	0	5	0	0	1	0	0	0	0	0	0	0	57	614	0	0	0	0	0	0
fsh-generated/resources/ValueSet-CommunicationQualifier.json	821	1	0	0	3	0	0	0	1	5	0	0	0	0	0	0	0	0	0	0	38	606	0	0	0	0	0	0
fsh-generated/resources/ValueSet-CoverageRelationship-vista.json	1297	3	0	0	3	0	0	0	0	5	0	0	0	0	0	0	0	0	0	0	75	614	0	0	0	0	0	0
fsh-generated/resources/ValueSet-CoverageRelationship.json	1168	2	0	0	3	0	0	0	0	7	0	0	0	0	0	0	0	0	0	0	60	214	0	0	0	1	0	0
fsh-generated/resources/ValueSet-CoverageStatusForce-vista.json	820	2	0	0	4	0	0	0	0	5	0	0	0	0	0	0	0	0	0	0	34	620	0	0	0	0	0	0
fsh-generated/resources/ValueSet-CoverageStatusForce.json	633	2	0	0	4	0	0	0	0	4	0	0	0	0	0	0	0	0	0	0	52	629	0	0	0	0	0	0
fsh-generated/resources/ValueSet-DPPLungCancerScreening-vista.json	1751	1	0	0	3	0	0	0	0	6	0	1	0	0	0	0	0	0	0	0	49	610	0	0	0	0	0	0
fsh-generated/resources/ValueSet-DPPLungCancerScreening.json	1719	3	0	0	3	0	0	0	0	6	0	0	0	0	0	0	0	0	0	0	46	737	0	0	0	1	0	0
fsh-generated/resources/ValueSet-DPPLungCancerScreeningDec-vista.json	906	2	0	0	3	0	0	0	1	5	0	0	0	0	0	0	0	0	0	0	63	605	0	0	0	0	0	0
fsh-generated/resources/ValueSet-DPPLungCancerScreeningDec.json	670	3	0	0	3	0	0	0	0	5	0	0	0	0	0	0	0	0	0	0	39	114	0	0	0	0	0	0
fsh-generated/resources/ValueSet-DPPLungCancerScreeningOE-vista.json	911	2	0	0	4	0	0	0	0	6	0	0	0	0	0	0	0	0	0	0	37	563	0	0	0	0	0	0
fsh-generated/resources/ValueSet-DPPLungCancerScreeningOE.json	959	2	0	0	3	0	0	0	0	5	0	0	0	0	0	0	0	0	0	0	63	112	0	0	0	1	0	0
fsh-generated/resources/ValueSet-DentalDeviceStatus-vista.json	798	2	0	0	3	0	0	0	0	5	0	0	0	0	0	0	0	0	0	0	48	571	0	0	0	0	0	0
fsh-generated/resources/ValueSet-DentalDeviceStatus.json	793	2	0	0	3	0	0	0	0	6	0	0	0	0	0	0	0	0	0	0	63	127	0	0	0	0	0	0
fsh-generated/resources/ValueSet-DiagnosticReportLabStatus-vista.json	1504	2	0	0	3	0	0	0	0	5	0	0	0	0	0	0	0	0	0	0	80	575	0	0	0	0	0	0
fsh-generated/resources/ValueSet-DiagnosticReportLabStatus.json	1202	3	0	0	5	0	0	0	0	7	0	0	0	0	0	0	0	0	0	0	69	166	0	1	0	1	0	0
fsh-generated/resources/ValueSet-DoseUnits-vista.json	748	2	0	0	3	0	0	0	1	5	0	0	0	0	0	0	0	0	0	0	55	593	0	0	0	0	0	0
fsh-generated/resources/ValueSet-DoseUnits.json	700	2	0	0	3	0	0	0	0	4	0	0	0	0	0	0	0	0	0	0	43	186	0	0	0	0	0	0
fsh-generated/resources/ValueSet-ExamResultInterpretation-vista.json	758	2	0	0	4	0	0	0	0	6	0	0	0	0	0	0	0	0	0	0	40	589	0	0	0	0	0	0
fsh-generated/resources/ValueSet-ExamResultInterpretation.json	743	2	0	0	4	0	0	0	0	6	0	0	0	0	0	0	0	0	0	0	62	137	0	0	0	1	0	0
fsh-generated/resources/ValueSet-ExamStatus-vista.json	940	2	0	0	3	0	0	0	0	5	0	0	0	0	0	0	0	0	0	0	41	616	0	0	0	0	0	0
fsh-generated/resources/ValueSet-ExamStatus.json	692	1	0	0	3	0	0	0	0	6	0	0	0	0	0	0	0	0	0	0	63	153	0	0	0	0	0	0
fsh-generated/resources/ValueSet-ICDCodingSystems-vista.json	887	2	0	0	4	0	0	0	0	5	0	0	0	0	0	0	0	0	0	0	42	625	0	0	0	0	0	0
fsh-generated/resources/ValueSet-ICDCodingSystems.json	790	2	0	0	3	0	0	0	0	5	0	0	0	0	0	0	0	0	0	0	60	175	0	0	0	1	0	0
fsh-generated/resources/ValueSet-ICDVersion-vista.json	849	2	0	0	4	0	0	0	0	8	0	0	0	0	0	0	0	0	0	0	36	612	0	0	0	0	0	0
fsh-generated/resources/ValueSet-ICDVersion.json	768	2	0	0	3	0	0	0	0	7	0	0	0	0	0	0	0	0	0	0	58	159	0	0	0	0	0	0
fsh-generated/resources/ValueSet-ImageInterpretation-vista.json	908	2	0	0	3	0	0	0	1	8	0	0	0	0	0	0	0	0	0	0	62	600	0	0	0	0	0	0
fsh-generated/resources/ValueSet-ImageInterpretation.json	889	2	0	0	4	0	0	0	0	9	0	0	0	0	0	0	0	0	0	0	40	189	0	0	0	1	0	0
fsh-generated/resources/ValueSet-ImageStatus-vista.json	1304	2	0	0	3	0	0	0	0	9	0	0	0	0	0	0	0	0	0	0	41	607	0	0	0	0	0	0
fsh-generated/resources/ValueSet-ImageStatus.json	742	2	0	0	5	0	0	0	0	8	0	0	0	0	0	0	0	0	0	0	40	137	0	0	0	1	0	0
fsh-generated/resources/ValueSet-ImageStatusRadNuc-vista.json	1074	2	0	0	4	0	0	0	0	8	0	0	0	0	0	0	0	0	0	0	46	609	0	0	0	0	0	0
fsh-generated/resources/ValueSet-ImageStatusRadNuc.json	782	2	0	0	3	0	0	0	0	8	0	0	0	0	0	0	0	0	0	0	63	169	0	0	0	0	0	0
fsh-generated/resources/ValueSet-ImmunizationReaction-vista.json	1643	3	0	0	4	0	0	0	1	10	0	0	0	0	0	0	0	0	0	0	51	619	0	0	0	1	0	0
fsh-generated/resources/ValueSet-ImmunizationReaction.json	1451	2	0	0	4	0	0	0	0	8	0	0	0	0	0	0	0	0	0	0	69	196	0	0	0	0	0	0
fsh-generated/resources/ValueSet-LabInterpretation-vista.json	789	2	0	0	4	0	0	0	0	8	0	0	0	0	0	0	0	0	0	0	38	605	0	0	0	0	0	0
fsh-generated/resources/ValueSet-LabInterpretation.json	957	2	0	0	4	0	0	0	0	9	0	0	0	0	0	0	0	0	0	0	63	185	0	0	0	1	0	0
fsh-generated/resources/ValueSet-LabObservationStatus-vista.json	780	2	0	0	3	0	0	0	0	8	0	0	0	0	0	0	0	0	0	0	41	119	0	0	0	0	0	0
fsh-generated/resources/ValueSet-LabObservationStatus.json	796	2	0	0	4	0	0	0	0	8	0	0	0	0	0	0	0	0	0	0	60	167	0	0	0	0	0	0
fsh-generated/resources/ValueSet-LocationStatus-vista.json	842	2	0	0	3	0	0	1	0	7	0	0	0	0	0	0	0	0	0	0	61	591	0	0	0	0	0	0
fsh-generated/resources/ValueSet-LocationStatus.json	757	2	0	0	4	0	0	0	1	8	0	0	0	0	0	0	0	0	0	0	41	141	0	0	0	1	0	0
fsh-generated/resources/ValueSet-MaritalStatus-vista.json	1069	3	0	0	3	0	0	0	0	9	0	0	0	0	0	0	0	0	0	0	38	588	0	0	0	0	0	0
fsh-generated/resources/ValueSet-MaritalStatus.json	1136	3	0	0	4	0	0	0	0	8	0	0	0	0	0	0	0	0	0	0	67	211	0	0	0	0	0	0
fsh-generated/resources/ValueSet-MicrobiologyUrineScreenResult-vista.json	960	2	0	0	4	0	0	0	0	9	0	0	0	0	0	0	0	0	0	0	55	610	0	0	0	0	0	0
fsh-generated/resources/ValueSet-MicrobiologyUrineScreenResult.json	746	2	0	0	4	0	0	0	0	6	0	0	0	0	0	0	0	0	0	0	61	123	0	0	0	1	0	0
fsh-generated/resources/ValueSet-OperatingRoomStatus-vista.json	711	4	0	0	4	0	0	0	0	7	0	0	0	0	0	0	0	0	0	0	36	607	0	0	0	0	0	0
fsh-generated/resources/ValueSet-OperatingRoomStatus.json	694	2	0	0	4	0	0	0	0	6	0	0	0	0	0	0	0	0	0	0	59	141	0	0	0	0	0	0
fsh-generated/resources/ValueSet-OrderPatientClass-vista.json	713	2	0	0	5	0	0	0	0	5	0	0	0	0	0	0	0	0	0	0	66	579	0	0	0	0	0	0
fsh-generated/resources/ValueSet-OrderPatientClass.json	721	3	0	0	3	0	0	0	0	5	0	0	0	0	0	0	0	0	0	0	51	149	0	0	0	0	0	0
fsh-generated/resources/ValueSet-OrganizationIdentifierType-vista.json	950	2	0	0	4	0	0	0	1	6	0	0	0	0	0	0	0	0	0	0	61	594	0	0	0	1	0	0
fsh-generated/resources/ValueSet-OrganizationIdentifierType.json	1030	2	0	0	3	0	0	0	0	4	0	0	0	0	0	0	0	0	0	0	62	599	0	0	0	0	0	0
fsh-generated/resources/ValueSet-OutMedRequestStatus-vista.json	1608	2	0	0	4	0	0	0	0	5	0	0	0	0	0	0	0	0	0	0	51	584	0	0	0	0	0	0
fsh-generated/resources/ValueSet-OutMedRequestStatus.json	997	2	0	0	3	0	0	0	0	5	0	0	0	0	0	0	0	0	0	0	36	175	0	0	0	1	0	0
fsh-generated/resources/ValueSet-PersonIdentifierType-vista.json	710	2	0	0	4	0	0	0	0	5	0	0	0	0	0	0	0	0	0	0	58	598	0	0	0	0	0	0
fsh-generated/resources/ValueSet-PersonIdentifierType.json	943	2	0	0	3	0	0	0	0	5	0	0	0	0	0	0	0	0	0	0	36	1265	0	0	0	0	0	0
fsh-generated/resources/ValueSet-PharmacyPersonType-vista.json	825	2	0	0	4	0	0	0	0	4	0	0	0	0	0	0	0	0	0	0	41	602	0	0	0	0	0	0
fsh-generated/resources/ValueSet-PharmacyPersonType.json	791	3	0	0	3	0	0	0	0	5	0	0	0	0	0	0	0	0	0	0	66	158	0	0	0	0	0	0
fsh-generated/resources/ValueSet-PractitionerCountry-vista.json	8175	2	0	0	5	0	0	0	1	10	0	0	0	0	0	0	0	0	0	0	60	679	0	0	0	1	0	0
fsh-generated/resources/ValueSet-PractitionerCountry.json	1649	2	0	0	3	0	0	0	0	6	0	0	0	0	0	0	0	0	0	0	34	576	0	0	0	1	0	0
fsh-generated/resources/ValueSet-ProcedureCodeSystem-vista.json	844	3	0	0	4	0	0	0	0	4	0	0	0	0	0	0	0	0	0	0	55	558	0	0	0	0	0	0
fsh-generated/resources/ValueSet-ProcedureCodeSystem.json	908	2	0	0	4	0	0	0	1	5	0	0	0	0	0	0	0	0	0	0	38	143	0	0	0	0	0	0
fsh-generated/resources/ValueSet-RadiologyProcedureStatus-vista.json	1168	2	0	0	4	0	0	0	0	4	0	0	0	0	0	0	0	0	0	0	42	601	0	0	0	0	0	0
fsh-generated/resources/ValueSet-RadiologyProcedureStatus.json	921	3	0	0	3	0	0	0	0	6	0	0	0	0	0	0	0	0	0	0	39	137	0	0	0	1	0	0
fsh-generated/resources/ValueSet-RefillRequestStatus-vista.json	824	2	0	0	4	0	0	0	0	5	0	0	0	0	0	0	0	0	0	0	63	579	0	0	0	0	0	0
fsh-generated/resources/ValueSet-RefillRequestStatus.json	681	2	0	0	3	0	0	0	0	5	0	0	0	0	0	0	0	0	0	0	36	127	0	0	0	0	0	0
fsh-generated/resources/ValueSet-Religion-vista.json	7973	2	0	0	3	0	0	0	1	9	0	0	0	0	0	0	0	0	0	0	83	641	0	0	0	1	0	0
fsh-generated/resources/ValueSet-Religion.json	8243	3	0	0	3	0	0	0	1	22	0	0	0	0	0	0	0	0	0	0	96	1268	0	0	0	1	0	0
fsh-generated/resources/ValueSet-SmokingStatus-vista.json	1248	2	0	0	4	0	0	0	0	8	0	0	0	0	0	0	0	0	0	0	41	590	0	0	0	1	0	0
fsh-generated/resources/ValueSet-SmokingStatus.json	887	2	0	0	3	0	0	0	0	6	0	0	0	0	0	0	0	0	0	0	54	169	0	0	0	0	0	0
fsh-generated/resources/ValueSet-SourceOfAdmission-vista.json	6443	2	0	0	3	0	0	0	0	11	0	0	0	0	0	0	0	0	0	0	94	642	0	0	0	1	0	0
fsh-generated/resources/ValueSet-SourceOfAdmission.json	790	2	0	0	4	0	0	0	1	8	0	0	0	0	0	0	0	0	0	0	106	182	0	0	0	0	0	0
fsh-generated/resources/ValueSet-VSResourceServiceConnection.json	697	2	0	0	0	0	0	0	0	8	0	0	0	0	0	0	0	0	0	0	34	611	0	0	0	0	0	0
fsh-generated/resources/ValueSet-VistaNCPDPCoverageRelationship-vista.json	895	2	0	0	4	0	0	0	0	7	0	0	0	0	0	0	0	0	0	0	32	609	0	0	0	1	0	0
fsh-generated/resources/ValueSet-VistaNCPDPCoverageRelationship.json	768	2	0	0	4	0	0	0	0	7	0	0	0	0	0	0	0	0	0	0	68	591	0	0	0	0	0	0
fsh-generated/resources/ValueSet-VitalsBodyPosition-vista.json	1383	2	0	0	4	0	0	0	0	7	0	0	0	0	0	0	0	0	0	0	55	620	0	0	0	0	0	0
fsh-generated/resources/ValueSet-VitalsBodyPosition.json	1434	2	0	0	4	0	0	0	0	8	0	0	0	0	0	0	0	0	0	0	53	204	0	0	0	0	0	1
fsh-generated/resources/ValueSet-VitalsBodySite-vista.json	3588	2	0	0	4	0	0	0	0	8	0	0	0	0	0	0	0	0	0	0	62	614	0	0	0	1	0	0
fsh-generated/resources/ValueSet-VitalsBodySite.json	9247	4	0	0	4	0	0	0	1	9	0	0	0	0	0	0	0	0	0	0	96	1047	0	0	0	1	0	0
fsh-generated/resources/ValueSet-VitalsCodes-vista.json	2188	2	0	0	3	0	0	0	0	5	0	0	0	0	0	0	0	0	0	0	48	605	0	0	0	1	0	0
fsh-generated/resources/ValueSet-VitalsCodes.json	2414	2	0	0	4	0	0	0	1	6	0	0	0	0	0	0	0	0	0	0	41	375	0	0	0	0	0	0
fsh-generated/resources/ValueSet-VitalsCuffSize-vista.json	1166	3	0	0	3	0	0	0	0	4	0	0	0	0	0	0	0	0	0	0	44	609	0	0	0	0	0	0
fsh-generated/resources/ValueSet-VitalsCuffSize.json	1096	2	0	0	4	0	0	0	0	5	0	0	0	0	0	0	0	0	0	0	44	189	0	0	0	0	0	0
fsh-generated/resources/ValueSet-VitalsLaterality-vista.json	697	2	0	0	3	0	0	0	0	4	0	0	0	0	0	0	0	0	0	0	45	606	0	0	0	1	0	0
fsh-generated/resources/ValueSet-VitalsLaterality.json	746	2	0	0	4	0	0	0	0	4	0	0	0	0	0	0	0	1	0	0	56	132	0	0	0	0	0	0
fsh-generated/resources/ValueSet-VitalsMeasurementDevice-vista.json	1803	3	0	0	3	0	0	0	0	5	0	0	0	0	0	0	0	0	0	0	55	607	1	0	0	0	0	0
fsh-generated/resources/ValueSet-VitalsMeasurementDevice.json	1853	2	0	0	5	0	0	0	0	6	0	0	0	0	0	0	0	0	0	0	63	234	0	0	0	0	0	0
fsh-generated/resources/ValueSet-VitalsMethod-vista.json	2082	2	0	0	4	0	0	0	1	5	0	0	0	0	0	0	0	0	0	0	68	600	0	0	0	1	0	0
fsh-generated/resources/ValueSet-VitalsMethod.json	2326	2	0	0	3	0	0	0	0	5	0	0	0	0	0	0	0	0	0	0	53	345	0	0	0	0	0	0
fsh-generated/resources/ValueSet-VitalsPrecondition-vista.json	833	3	0	0	4	0	0	0	0	5	0	0	0	0	0	0	0	0	0	0	35	588	0	0	0	0	0	0
fsh-generated/resources/ValueSet-VitalsPrecondition.json	726	2	0	0	5	0	0	0	0	4	0	0	0	0	0	0	0	0	0	0	47	131	0	0	0	0	0	0
fsh-generated/resources/ValueSet-VitalsQualifyingDevice-vista.json	2355	2	0	0	3	0	0	0	0	5	0	0	0	0	0	0	0	0	0	0	81	595	0	0	0	1	0	0
fsh-generated/resources/ValueSet-VitalsQualifyingDevice.json	2292	2	0	0	4	0	0	0	1	4	0	0	0	0	0	0	0	0	0	0	42	297	0	0	0	0	0	0
fsh-generated/resources/ValueSet-VitalsUnits-vista.json	2188	2	0	0	4	0	0	0	0	5	0	0	0	0	0	0	0	0	0	0	40	605	0	1	0	0	0	0
fsh-generated/resources/ValueSet-VitalsUnits.json	1142	3	0	0	4	0	0	0	0	4	0	0	0	0	0	0	0	0	0	0	36	209	0	0	0	1	0	0
fsh-generated/resources/ValueSet-YesNo10-vista.json	580	2	0	0	3	0	0	0	0	4	0	0	0	0	0	0	0	0	0	0	37	578	0	0	0	0	0	0
fsh-generated/resources/ValueSet-YesNo10.json	552	2	0	0	4	0	0	0	0	5	0	0	0	0	0	0	0	0	0	0	48	143	0	0	0	0	0	0
fsh-generated/resources/ValueSet-adminGender-vista.json	1124	2	0	0	3	0	0	0	0	5	0	0	0	0	0	0	0	0	0	0	47	600	0	0	0	0	0	0
fsh-generated/resources/ValueSet-adminGender.json	818	2	0	0	3	0	0	0	0	5	0	0	0	0	0	0	0	0	0	0	59	177	0	0	0	0	0	0
fsh-generated/resources/ValueSet-allergyActive-vista.json	622	2	0	0	4	0	0	0	1	4	0	0	0	0	0	0	0	0	0	0	46	593	0	0	0	1	0	0
fsh-generated/resources/ValueSet-allergyActive.json	597	2	0	0	4	0	0	0	0	5	0	0	0	0	0	0	0	0	0	0	43	118	0	0	0	0	0	0
fsh-generated/resources/ValueSet-allergyEnteredInError-vista.json	664	2	0	0	3	0	1	0	0	4	0	0	0	0	0	0	0	0	0	0	62	640	0	0	0	0	0	0
fsh-generated/resources/ValueSet-allergyEnteredInError.json	669	3	0	0	4	0	0	0	0	5	0	0	0	0	0	0	0	0	0	0	58	115	0	0	0	0	0	0
fsh-generated/resources/ValueSet-allergyMechanism-vista.json	708	1	0	0	4	0	0	0	0	4	0	0	0	0	0	0	0	0	0	0	38	603	0	0	0	0	0	0
fsh-generated/resources/ValueSet-allergyMechanism.json	693	2	0	0	4	0	0	0	0	4	0	0	0	0	0	0	0	0	0	0	42	128	0	0	0	1	0	0
fsh-generated/resources/ValueSet-allergySeverity-vista.json	776	2	0	0	3	0	0	0	0	5	0	0	0	0	0	0	0	0	0	0	38	602	0	0	0	0	0	0
fsh-generated/resources/ValueSet-allergySeverity.json	662	2	0	0	3	0	0	0	0	4	0	0	0	0	0	0	0	0	0	0	55	137	0	0	0	0	0	0
fsh-generated/resources/ValueSet-allergySubstanceCategory-vista.json	825	2	0	0	3	0	0	0	0	4	0	0	0	0	0	0	0	0	0	0	53	616	0	0	0	0	0	0
fsh-generated/resources/ValueSet-allergySubstanceCategory.json	737	3	0	0	3	0	0	0	0	5	0	0	0	0	0	0	0	0	0	0	65	128	0	0	0	0	0	0
fsh-generated/resources/ValueSet-allergyVerificationStatus-vista.json	769	2	0	0	3	0	0	0	0	4	0	0	0	0	0	0	0	0	0	0	57	601	0	0	0	1	0	0
fsh-generated/resources/ValueSet-allergyVerificationStatus.json	776	2	0	0	4	0	0	0	1	4	0	0	0	0	0	0	0	0	0	0	38	126	0	0	0	0	0	0
fsh-generated/resources/ValueSet-birthSex-vista.json	702	2	0	0	2	0	0	0	0	5	0	0	0	0	0	0	0	0	0	0	50	602	0	0	0	0	0	0
fsh-generated/resources/ValueSet-birthSex.json	843	2	0	0	3	0	0	0	0	5	0	0	0	0	0	0	0	0	0	0	105	142	0	0	0	0	0	0
fsh-generated/resources/ValueSet-deviceTypePacemaker-vista.json	1142	2	0	0	4	0	0	0	0	5	0	0	0	0	0	0	0	0	0	0	65	596	0	0	0	1	0	0
fsh-generated/resources/ValueSet-deviceTypePacemaker.json	1027	2	0	0	3	0	0	0	0	4	0	0	0	0	0	0	0	0	0	0	35	164	0	0	0	0	0	0
fsh-generated/resources/ValueSet-documentReferencedocStatus-vista.json	1585	2	0	0	4	0	0	0	0	10	0	0	0	0	0	0	0	0	0	0	42	595	0	0	0	0	0	0
fsh-generated/resources/ValueSet-documentReferencedocStatus.json	792	2	0	0	3	0	0	0	0	4	0	0	0	0	0	0	0	0	0	0	41	142	0	0	0	0	0	0
fsh-generated/resources/ValueSet-encounterClass-vista.json	681	2	0	0	3	0	0	0	0	5	0	0	0	0	0	0	0	0	0	0	56	596	0	0	0	1	0	0
fsh-generated/resources/ValueSet-encounterClass.json	684	2	0	0	3	0	0	0	0	5	0	0	0	0	0	0	0	0	0	0	61	120	0	0	0	0	0	0
fsh-generated/resources/ValueSet-encounterParticipationType-vista.json	772	2	0	0	4	0	0	0	1	4	0	0	0	0	0	0	0	0	0	0	43	581	0	0	0	0	0	0
fsh-generated/resources/ValueSet-encounterParticipationType.json	775	2	0	0	3	0	0	0	0	6	0	0	0	0	0	0	0	0	0	0	66	143	0	0	0	0	0	0
fsh-generated/resources/ValueSet-encounterProblemStatus-vista.json	656	2	0	0	3	0	0	0	0	5	0	0	0	0	0	0	0	0	0	0	54	602	0	0	0	0	0	0
fsh-generated/resources/ValueSet-encounterProblemStatus.json	646	2	0	0	4	0	0	0	0	5	0	0	0	0	0	0	0	0	0	0	59	107	0	0	0	1	0	0
fsh-generated/resources/ValueSet-encounterProblemVerificationStatus-vista.json	1260	2	0	0	3	0	0	0	0	4	0	0	0	0	0	0	0	0	0	0	44	593	0	0	0	0	0	0
fsh-generated/resources/ValueSet-encounterProblemVerificationStatus.json	807	2	0	0	4	0	0	0	0	5	0	0	0	0	0	0	0	0	0	0	38	138	0	0	0	0	0	0
fsh-generated/resources/ValueSet-ethnicityCategory-vista.json	1041	2	0	0	4	0	0	0	0	4	0	0	0	0	0	0	0	0	0	0	72	607	0	0	0	0	0	0
fsh-generated/resources/ValueSet-ethnicityCategory.json	831	3	0	0	4	0	0	0	0	5	0	0	0	0	0	0	0	0	0	0	41	175	0	0	0	1	0	0
fsh-generated/resources/ValueSet-genderIdentity-vista.json	1142	2	0	0	3	0	0	0	0	4	0	0	0	0	0	0	0	0	0	0	60	618	0	0	0	0	0	0
fsh-generated/resources/ValueSet-genderIdentity.json	1166	2	0	0	2	0	0	0	0	6	0	0	0	0	0	0	0	0	0	0	51	202	0	0	0	0	0	0
fsh-generated/resources/ValueSet-immunizationPrimarySource-vista.json	1701	2	0	0	4	0	0	0	1	5	0	0	0	0	0	0	0	0	0	0	41	579	0	0	0	0	0	0
fsh-generated/resources/ValueSet-immunizationPrimarySource.json	669	2	0	0	3	0	0	0	0	4	0	0	0	0	0	0	0	0	0	0	57	600	0	0	0	0	0	0
fsh-generated/resources/ValueSet-immunizationStatusReason-vista.json	5065	2	0	0	3	0	0	0	0	6	0	0	0	0	0	0	0	0	0	0	67	609	0	0	0	1	0	0
fsh-generated/resources/ValueSet-immunizationStatusReason.json	860	3	0	0	3	0	0	0	0	5	0	0	0	0	0	0	0	0	0	0	39	157	0	0	0	0	0	0
fsh-generated/resources/ValueSet-inferredCVX-vista.json	4635	2	0	0	3	0	0	0	0	5	0	0	0	0	0	0	0	0	0	0	85	1701	0	0	0	1	0	0
fsh-generated/resources/ValueSet-inferredCVX.json	663	3	0	0	4	0	0	0	1	3	0	0	0	0	0	0	0	0	0	0	50	172	0	0	0	0	0	0
fsh-generated/resources/ValueSet-problemStatus-vista.json	684	2	0	0	3	0	0	0	0	5	0	0	0	0	0	0	0	0	0	0	38	580	0	0	0	0	0	0
fsh-generated/resources/ValueSet-problemStatus.json	611	2	0	0	3	0	0	0	0	4	0	0	0	0	0	0	0	0	0	0	59	143	0	0	0	0	0	0
fsh-generated/resources/ValueSet-problemVerificationStatus-vista.json	844	2	0	0	3	0	0	0	0	4	0	0	0	0	0	0	0	0	0	0	53	596	0	0	0	1	0	0
fsh-generated/resources/ValueSet-problemVerificationStatus.json	854	2	0	0	3	0	0	0	0	4	0	0	0	0	0	0	0	0	0	0	44	140	0	0	0	0	0	0
fsh-generated/resources/ValueSet-providerGender-vista.json	686	1	0	0	3	0	0	0	0	5	0	0	0	0	0	0	0	0	0	0	55	604	0	0	0	0	0	0
fsh-generated/resources/ValueSet-providerGender.json	598	3	0	0	3	0	0	0	0	5	0	0	0	0	0	0	0	0	0	0	45	142	0	0	0	0	0	0
fsh-generated/resources/ValueSet-raceCategory-vista.json	1303	2	0	0	4	0	0	0	0	4	0	0	0	0	0	0	0	0	0	0	42	592	0	0	0	0	0	0
fsh-generated/resources/ValueSet-raceCategory.json	909	2	0	0	3	0	0	0	0	6	0	0	0	0	0	0	0	0	0	0	46	195	0	0	0	1	0	0
